2026/08/10 04:38:26.294, 0, Tesla V100-PCIE-32GB, 32768, 327, 32168, 0
2026/08/10 04:38:27.295, 0, Tesla V100-PCIE-32GB, 32768, 327, 32168, 0
2026/08/10 04:38:28.295, 0, Tesla V100-PCIE-32GB, 32768, 327, 32168, 0
2026/08/10 04:38:29.295, 0, Tesla V100-PCIE-32GB, 32768, 327, 32168, 0
2026/08/10 04:38:30.296, 0, Tesla V100-PCIE-32GB, 32768, 327, 32168, 0
2026/08/10 04:38:31.296, 0, Tesla V100-PCIE-32GB, 32768, 327, 32168, 0
2026/08/10 04:38:32.297, 0, Tesla V100-PCIE-32GB, 32768, 327, 32168, 0
2026/08/10 04:38:33.297, 0, Tesla V100-PCIE-32GB, 32768, 327, 32168, 0
2026/08/10 04:38:34.297, 0, Tesla V100-PCIE-32GB, 32768, 327, 32168, 0
2026/08/10 04:38:35.298, 0, Tesla V100-PCIE-32GB, 32768, 327, 32168, 0
2026/08/10 04:38:36.298, 0, Tesla V100-PCIE-32GB, 32768, 327, 32168, 0
2026/08/10 04:38:37.299, 0, Tesla V100-PCIE-32GB, 32768, 327, 32168, 0
2026/08/10 04:38:38.299, 0, Tesla V100-PCIE-32GB, 32768, 327, 32168, 0
2026/08/10 04:38:39.299, 0, Tesla V100-PCIE-32GB, 32768, 327, 32168, 0
2026/08/10 04:38:40.300, 0, Tesla V100-PCIE-32GB, 32768, 327, 32168, 0
2026/08/10 04:38:41.300, 0, Tesla V100-PCIE-32GB, 32768, 327, 32168, 0
2026/08/10 04:38:42.301, 0, Tesla V100-PCIE-32GB, 32768, 327, 32168, 0
2026/08/10 04:38:43.301, 0, Tesla V100-PCIE-32GB, 32768, 327, 32168, 0
2026/08/10 04:38:44.302, 0, Tesla V100-PCIE-32GB, 32768, 327, 32168, 0
2026/08/10 04:38:45.302, 0, Tesla V100-PCIE-32GB, 32768, 327, 32168, 0
2026/08/10 04:38:46.302, 0, Tesla V100-PCIE-32GB, 32768, 327, 32168, 0
2026/08/10 04:38:47.303, 0, Tesla V100-PCIE-32GB, 32768, 327, 32168, 0
2026/08/10 04:38:48.303, 0, Tesla V100-PCIE-32GB, 32768, 327, 32168, 0
2026/08/10 04:38:49.304, 0, Tesla V100-PCIE-32GB, 32768, 327, 32168, 0
2026/08/10 04:38:50.304, 0, Tesla V100-PCIE-32GB, 32768, 327, 32168, 0
2026/08/10 04:38:51.305, 0, Tesla V100-PCIE-32GB, 32768, 327, 32168, 0
2026/08/10 04:38:52.305, 0, Tesla V100-PCIE-32GB, 32768, 327, 32168, 0
2026/08/10 04:38:53.306, 0, Tesla V100-PCIE-32GB, 32768, 327, 32168, 0
2026/08/10 04:38:54.306, 0, Tesla V100-PCIE-32GB, 32768, 327, 32168, 0
2026/08/10 04:38:55.306, 0, Tesla V100-PCIE-32GB, 32768, 327, 32168, 0
2026/08/10 04:38:56.307, 0, Tesla V100-PCIE-32GB, 32768, 327, 32168, 0
2026/08/10 04:38:57.307, 0, Tesla V100-PCIE-32GB, 32768, 327, 32168, 0
2026/08/10 04:38:58.307, 0, Tesla V100-PCIE-32GB, 32768, 327, 32168, 0
2026/08/10 04:38:59.308, 0, Tesla V100-PCIE-32GB, 32768, 327, 32168, 0
2026/08/10 04:39:00.308, 0, Tesla V100-PCIE-32GB, 32768, 327, 32168, 0
2026/08/10 04:39:01.309, 0, Tesla V100-PCIE-32GB, 32768, 327, 32168, 0
2026/08/10 04:39:02.309, 0, Tesla V100-PCIE-32GB, 32768, 327, 32168, 0
2026/08/10 04:39:03.310, 0, Tesla V100-PCIE-32GB, 32768, 327, 32168, 0
2026/08/10 04:39:10.799, 0, Tesla V100-PCIE-32GB, 32768, 327, 32168, 0
2026/08/10 04:39:11.800, 0, Tesla V100-PCIE-32GB, 32768, 327, 32168, 0
2026/08/10 04:39:12.800, 0, Tesla V100-PCIE-32GB, 32768, 327, 32168, 0
2026/08/10 04:39:13.801, 0, Tesla V100-PCIE-32GB, 32768, 327, 32168, 0
2026/08/10 04:39:14.801, 0, Tesla V100-PCIE-32GB, 32768, 327, 32168, 0
2026/08/10 04:39:15.801, 0, Tesla V100-PCIE-32GB, 32768, 327, 32168, 0
2026/08/10 04:39:16.802, 0, Tesla V100-PCIE-32GB, 32768, 327, 32168, 0
2026/08/10 04:39:17.802, 0, Tesla V100-PCIE-32GB, 32768, 327, 32168, 0
2026/08/10 04:39:18.802, 0, Tesla V100-PCIE-32GB, 32768, 327, 32168, 0
2026/08/10 04:39:19.803, 0, Tesla V100-PCIE-32GB, 32768, 327, 32168, 0
2026/08/10 04:39:20.803, 0, Tesla V100-PCIE-32GB, 32768, 327, 32168, 0
2026/08/10 04:39:21.838, 0, Tesla V100-PCIE-32GB, 32768, 327, 32168, 0
2026/08/10 04:39:23.014, 0, Tesla V100-PCIE-32GB, 32768, 327, 32168, 0
2026/08/10 04:39:24.188, 0, Tesla V100-PCIE-32GB, 32768, 327, 32168, 0
2026/08/10 04:39:25.302, 0, Tesla V100-PCIE-32GB, 32768, 327, 32168, 0
2026/08/10 04:39:26.350, 0, Tesla V100-PCIE-32GB, 32768, 327, 32168, 0
2026/08/10 04:39:27.467, 0, Tesla V100-PCIE-32GB, 32768, 327, 32168, 0
2026/08/10 04:39:28.559, 0, Tesla V100-PCIE-32GB, 32768, 327, 32168, 0
2026/08/10 04:39:29.760, 0, Tesla V100-PCIE-32GB, 32768, 327, 32168, 0
2026/08/10 04:39:30.883, 0, Tesla V100-PCIE-32GB, 32768, 327, 32168, 0
2026/08/10 04:39:32.142, 0, Tesla V100-PCIE-32GB, 32768, 327, 32168, 0
2026/08/10 04:39:33.303, 0, Tesla V100-PCIE-32GB, 32768, 327, 32168, 0
2026/08/10 04:39:34.458, 0, Tesla V100-PCIE-32GB, 32768, 327, 32168, 0
2026/08/10 04:39:35.480, 0, Tesla V100-PCIE-32GB, 32768, 327, 32168, 0
2026/08/10 04:39:36.530, 0, Tesla V100-PCIE-32GB, 32768, 327, 32168, 0
2026/08/10 04:39:37.613, 0, Tesla V100-PCIE-32GB, 32768, 327, 32168, 0
2026/08/10 04:39:38.928, 0, Tesla V100-PCIE-32GB, 32768, 327, 32168, 0
2026/08/10 04:39:40.146, 0, Tesla V100-PCIE-32GB, 32768, 327, 32168, 0
2026/08/10 04:39:41.172, 0, Tesla V100-PCIE-32GB, 32768, 327, 32168, 0
2026/08/10 04:39:42.215, 0, Tesla V100-PCIE-32GB, 32768, 327, 32168, 0
2026/08/10 04:39:43.349, 0, Tesla V100-PCIE-32GB, 32768, 327, 32168, 0
2026/08/10 04:39:44.397, 0, Tesla V100-PCIE-32GB, 32768, 327, 32168, 0
2026/08/10 04:39:45.541, 0, Tesla V100-PCIE-32GB, 32768, 327, 32168, 0
2026/08/10 04:39:46.592, 0, Tesla V100-PCIE-32GB, 32768, 327, 32168, 0
2026/08/10 04:39:47.814, 0, Tesla V100-PCIE-32GB, 32768, 327, 32168, 0
2026/08/10 04:39:48.877, 0, Tesla V100-PCIE-32GB, 32768, 327, 32168, 0
2026/08/10 04:39:49.904, 0, Tesla V100-PCIE-32GB, 32768, 327, 32168, 0
2026/08/10 04:39:51.054, 0, Tesla V100-PCIE-32GB, 32768, 327, 32168, 0
2026/08/10 04:39:52.162, 0, Tesla V100-PCIE-32GB, 32768, 327, 32168, 0
2026/08/10 04:39:53.201, 0, Tesla V100-PCIE-32GB, 32768, 327, 32168, 0
2026/08/10 04:39:54.216, 0, Tesla V100-PCIE-32GB, 32768, 327, 32168, 0
2026/08/10 04:39:55.319, 0, Tesla V100-PCIE-32GB, 32768, 327, 32168, 0
2026/08/10 04:39:56.390, 0, Tesla V100-PCIE-32GB, 32768, 327, 32168, 0
2026/08/10 04:39:57.535, 0, Tesla V100-PCIE-32GB, 32768, 327, 32168, 0
2026/08/10 04:39:58.579, 0, Tesla V100-PCIE-32GB, 32768, 327, 32168, 0
2026/08/10 04:39:59.683, 0, Tesla V100-PCIE-32GB, 32768, 327, 32168, 0
2026/08/10 04:40:00.805, 0, Tesla V100-PCIE-32GB, 32768, 327, 32168, 0
2026/08/10 04:40:01.853, 0, Tesla V100-PCIE-32GB, 32768, 327, 32168, 0
2026/08/10 04:40:02.991, 0, Tesla V100-PCIE-32GB, 32768, 327, 32168, 0
2026/08/10 04:40:04.156, 0, Tesla V100-PCIE-32GB, 32768, 327, 32168, 0
2026/08/10 04:40:05.368, 0, Tesla V100-PCIE-32GB, 32768, 327, 32168, 0
2026/08/10 04:40:06.483, 0, Tesla V100-PCIE-32GB, 32768, 327, 32168, 0
2026/08/10 04:40:07.611, 0, Tesla V100-PCIE-32GB, 32768, 327, 32168, 0
2026/08/10 04:40:08.721, 0, Tesla V100-PCIE-32GB, 32768, 327, 32168, 0
2026/08/10 04:40:09.805, 0, Tesla V100-PCIE-32GB, 32768, 327, 32168, 0
2026/08/10 04:40:10.965, 0, Tesla V100-PCIE-32GB, 32768, 327, 32168, 0
2026/08/10 04:40:12.041, 0, Tesla V100-PCIE-32GB, 32768, 327, 32168, 0
2026/08/10 04:40:13.217, 0, Tesla V100-PCIE-32GB, 32768, 327, 32168, 0
2026/08/10 04:40:14.339, 0, Tesla V100-PCIE-32GB, 32768, 327, 32168, 0
2026/08/10 04:40:15.437, 0, Tesla V100-PCIE-32GB, 32768, 327, 32168, 0
2026/08/10 04:40:16.592, 0, Tesla V100-PCIE-32GB, 32768, 327, 32168, 0
2026/08/10 04:40:17.698, 0, Tesla V100-PCIE-32GB, 32768, 327, 32168, 0
2026/08/10 04:40:18.814, 0, Tesla V100-PCIE-32GB, 32768, 327, 32168, 0
2026/08/10 04:40:19.881, 0, Tesla V100-PCIE-32GB, 32768, 327, 32168, 0
2026/08/10 04:40:20.971, 0, Tesla V100-PCIE-32GB, 32768, 327, 32168, 0
2026/08/10 04:40:22.007, 0, Tesla V100-PCIE-32GB, 32768, 327, 32168, 0
2026/08/10 04:40:23.113, 0, Tesla V100-PCIE-32GB, 32768, 327, 32168, 0
2026/08/10 04:40:24.136, 0, Tesla V100-PCIE-32GB, 32768, 327, 32168, 0
2026/08/10 04:40:25.234, 0, Tesla V100-PCIE-32GB, 32768, 327, 32168, 0
2026/08/10 04:40:26.482, 0, Tesla V100-PCIE-32GB, 32768, 327, 32168, 0
2026/08/10 04:40:27.550, 0, Tesla V100-PCIE-32GB, 32768, 327, 32168, 0
2026/08/10 04:40:28.655, 0, Tesla V100-PCIE-32GB, 32768, 327, 32168, 0
2026/08/10 04:40:29.742, 0, Tesla V100-PCIE-32GB, 32768, 327, 32168, 0
2026/08/10 04:40:30.855, 0, Tesla V100-PCIE-32GB, 32768, 327, 32168, 0
2026/08/10 04:40:31.952, 0, Tesla V100-PCIE-32GB, 32768, 327, 32168, 0
2026/08/10 04:40:33.067, 0, Tesla V100-PCIE-32GB, 32768, 327, 32168, 0
2026/08/10 04:40:34.199, 0, Tesla V100-PCIE-32GB, 32768, 327, 32168, 0
2026/08/10 04:40:35.226, 0, Tesla V100-PCIE-32GB, 32768, 327, 32168, 0
2026/08/10 04:40:36.441, 0, Tesla V100-PCIE-32GB, 32768, 327, 32168, 0
2026/08/10 04:40:37.512, 0, Tesla V100-PCIE-32GB, 32768, 327, 32168, 0
2026/08/10 04:40:38.588, 0, Tesla V100-PCIE-32GB, 32768, 327, 32168, 0
2026/08/10 04:40:39.753, 0, Tesla V100-PCIE-32GB, 32768, 327, 32168, 0
2026/08/10 04:40:40.908, 0, Tesla V100-PCIE-32GB, 32768, 327, 32168, 0
2026/08/10 04:40:42.048, 0, Tesla V100-PCIE-32GB, 32768, 327, 32168, 0
2026/08/10 04:40:43.160, 0, Tesla V100-PCIE-32GB, 32768, 327, 32168, 0
2026/08/10 04:40:44.243, 0, Tesla V100-PCIE-32GB, 32768, 327, 32168, 0
2026/08/10 04:40:45.355, 0, Tesla V100-PCIE-32GB, 32768, 327, 32168, 0
2026/08/10 04:40:46.452, 0, Tesla V100-PCIE-32GB, 32768, 327, 32168, 0
2026/08/10 04:40:47.689, 0, Tesla V100-PCIE-32GB, 32768, 327, 32168, 0
2026/08/10 04:40:48.806, 0, Tesla V100-PCIE-32GB, 32768, 327, 32168, 0
2026/08/10 04:40:49.926, 0, Tesla V100-PCIE-32GB, 32768, 327, 32168, 0
2026/08/10 04:40:51.026, 0, Tesla V100-PCIE-32GB, 32768, 327, 32168, 0
2026/08/10 04:40:52.159, 0, Tesla V100-PCIE-32GB, 32768, 327, 32168, 0
2026/08/10 04:40:53.166, 0, Tesla V100-PCIE-32GB, 32768, 327, 32168, 0
2026/08/10 04:40:54.347, 0, Tesla V100-PCIE-32GB, 32768, 327, 32168, 0
2026/08/10 04:40:55.381, 0, Tesla V100-PCIE-32GB, 32768, 327, 32168, 0
2026/08/10 04:40:56.467, 0, Tesla V100-PCIE-32GB, 32768, 327, 32168, 0
2026/08/10 04:40:57.672, 0, Tesla V100-PCIE-32GB, 32768, 327, 32168, 0
2026/08/10 04:40:58.820, 0, Tesla V100-PCIE-32GB, 32768, 327, 32168, 0
2026/08/10 04:40:59.888, 0, Tesla V100-PCIE-32GB, 32768, 327, 32168, 0
2026/08/10 04:41:01.016, 0, Tesla V100-PCIE-32GB, 32768, 327, 32168, 0
2026/08/10 04:41:02.123, 0, Tesla V100-PCIE-32GB, 32768, 327, 32168, 0
2026/08/10 04:41:03.285, 0, Tesla V100-PCIE-32GB, 32768, 327, 32168, 0
2026/08/10 04:41:04.425, 0, Tesla V100-PCIE-32GB, 32768, 327, 32168, 0
2026/08/10 04:41:05.524, 0, Tesla V100-PCIE-32GB, 32768, 327, 32168, 0
2026/08/10 04:41:06.693, 0, Tesla V100-PCIE-32GB, 32768, 327, 32168, 0
2026/08/10 04:41:07.750, 0, Tesla V100-PCIE-32GB, 32768, 327, 32168, 0
2026/08/10 04:41:08.894, 0, Tesla V100-PCIE-32GB, 32768, 327, 32168, 0
2026/08/10 04:41:10.060, 0, Tesla V100-PCIE-32GB, 32768, 327, 32168, 0
2026/08/10 04:41:11.178, 0, Tesla V100-PCIE-32GB, 32768, 327, 32168, 0
2026/08/10 04:41:12.231, 0, Tesla V100-PCIE-32GB, 32768, 327, 32168, 0
2026/08/10 04:41:13.349, 0, Tesla V100-PCIE-32GB, 32768, 327, 32168, 0
2026/08/10 04:41:14.505, 0, Tesla V100-PCIE-32GB, 32768, 327, 32168, 0
2026/08/10 04:41:15.595, 0, Tesla V100-PCIE-32GB, 32768, 327, 32168, 0
2026/08/10 04:41:16.755, 0, Tesla V100-PCIE-32GB, 32768, 327, 32168, 0
2026/08/10 04:41:17.813, 0, Tesla V100-PCIE-32GB, 32768, 327, 32168, 0
2026/08/10 04:41:18.907, 0, Tesla V100-PCIE-32GB, 32768, 327, 32168, 0
2026/08/10 04:41:19.929, 0, Tesla V100-PCIE-32GB, 32768, 327, 32168, 0
2026/08/10 04:41:21.060, 0, Tesla V100-PCIE-32GB, 32768, 327, 32168, 0
2026/08/10 04:41:22.125, 0, Tesla V100-PCIE-32GB, 32768, 327, 32168, 0
2026/08/10 04:41:23.142, 0, Tesla V100-PCIE-32GB, 32768, 327, 32168, 0
2026/08/10 04:41:24.146, 0, Tesla V100-PCIE-32GB, 32768, 327, 32168, 0
2026/08/10 04:41:25.170, 0, Tesla V100-PCIE-32GB, 32768, 327, 32168, 0
2026/08/10 04:41:26.220, 0, Tesla V100-PCIE-32GB, 32768, 327, 32168, 0
2026/08/10 04:41:27.237, 0, Tesla V100-PCIE-32GB, 32768, 327, 32168, 0
2026/08/10 04:41:28.456, 0, Tesla V100-PCIE-32GB, 32768, 327, 32168, 0
2026/08/10 04:41:29.463, 0, Tesla V100-PCIE-32GB, 32768, 327, 32168, 0
2026/08/10 04:41:30.545, 0, Tesla V100-PCIE-32GB, 32768, 327, 32168, 0
2026/08/10 04:41:31.560, 0, Tesla V100-PCIE-32GB, 32768, 327, 32168, 0
2026/08/10 04:41:32.696, 0, Tesla V100-PCIE-32GB, 32768, 327, 32168, 0
2026/08/10 04:41:33.844, 0, Tesla V100-PCIE-32GB, 32768, 327, 32168, 0
2026/08/10 04:41:34.890, 0, Tesla V100-PCIE-32GB, 32768, 327, 32168, 0
2026/08/10 04:41:35.967, 0, Tesla V100-PCIE-32GB, 32768, 327, 32168, 0
2026/08/10 04:41:37.014, 0, Tesla V100-PCIE-32GB, 32768, 327, 32168, 0
2026/08/10 04:41:38.117, 0, Tesla V100-PCIE-32GB, 32768, 327, 32168, 0
2026/08/10 04:41:39.267, 0, Tesla V100-PCIE-32GB, 32768, 327, 32168, 0
2026/08/10 04:41:40.544, 0, Tesla V100-PCIE-32GB, 32768, 327, 32168, 0
2026/08/10 04:41:41.667, 0, Tesla V100-PCIE-32GB, 32768, 327, 32168, 0
2026/08/10 04:41:42.806, 0, Tesla V100-PCIE-32GB, 32768, 327, 32168, 0
2026/08/10 04:41:43.908, 0, Tesla V100-PCIE-32GB, 32768, 327, 32168, 0
2026/08/10 04:41:45.041, 0, Tesla V100-PCIE-32GB, 32768, 327, 32168, 0
2026/08/10 04:41:46.080, 0, Tesla V100-PCIE-32GB, 32768, 327, 32168, 0
2026/08/10 04:41:47.176, 0, Tesla V100-PCIE-32GB, 32768, 327, 32168, 0
2026/08/10 04:41:48.391, 0, Tesla V100-PCIE-32GB, 32768, 327, 32168, 0
2026/08/10 04:41:49.460, 0, Tesla V100-PCIE-32GB, 32768, 327, 32168, 0
2026/08/10 04:41:50.707, 0, Tesla V100-PCIE-32GB, 32768, 327, 32168, 0
2026/08/10 04:41:51.778, 0, Tesla V100-PCIE-32GB, 32768, 327, 32168, 0
2026/08/10 04:41:52.869, 0, Tesla V100-PCIE-32GB, 32768, 327, 32168, 0
2026/08/10 04:41:53.940, 0, Tesla V100-PCIE-32GB, 32768, 327, 32168, 0
2026/08/10 04:41:54.949, 0, Tesla V100-PCIE-32GB, 32768, 327, 32168, 0
2026/08/10 04:41:55.959, 0, Tesla V100-PCIE-32GB, 32768, 327, 32168, 0
2026/08/10 04:41:57.154, 0, Tesla V100-PCIE-32GB, 32768, 327, 32168, 0
2026/08/10 04:41:58.245, 0, Tesla V100-PCIE-32GB, 32768, 327, 32168, 0
2026/08/10 04:41:59.260, 0, Tesla V100-PCIE-32GB, 32768, 327, 32168, 0
2026/08/10 04:42:00.354, 0, Tesla V100-PCIE-32GB, 32768, 327, 32168, 0
2026/08/10 04:42:01.489, 0, Tesla V100-PCIE-32GB, 32768, 327, 32168, 0
2026/08/10 04:42:02.715, 0, Tesla V100-PCIE-32GB, 32768, 327, 32168, 0
2026/08/10 04:42:03.811, 0, Tesla V100-PCIE-32GB, 32768, 327, 32168, 0
2026/08/10 04:42:04.841, 0, Tesla V100-PCIE-32GB, 32768, 327, 32168, 0
2026/08/10 04:42:05.874, 0, Tesla V100-PCIE-32GB, 32768, 327, 32168, 0
2026/08/10 04:42:06.952, 0, Tesla V100-PCIE-32GB, 32768, 327, 32168, 0
2026/08/10 04:42:07.995, 0, Tesla V100-PCIE-32GB, 32768, 327, 32168, 0
2026/08/10 04:42:09.074, 0, Tesla V100-PCIE-32GB, 32768, 327, 32168, 0
2026/08/10 04:42:10.248, 0, Tesla V100-PCIE-32GB, 32768, 327, 32168, 0
2026/08/10 04:42:11.258, 0, Tesla V100-PCIE-32GB, 32768, 327, 32168, 0
2026/08/10 04:42:12.428, 0, Tesla V100-PCIE-32GB, 32768, 327, 32168, 0
2026/08/10 04:42:13.460, 0, Tesla V100-PCIE-32GB, 32768, 327, 32168, 0
2026/08/10 04:42:14.532, 0, Tesla V100-PCIE-32GB, 32768, 327, 32168, 0
2026/08/10 04:42:15.556, 0, Tesla V100-PCIE-32GB, 32768, 327, 32168, 0
2026/08/10 04:42:16.589, 0, Tesla V100-PCIE-32GB, 32768, 327, 32168, 0
2026/08/10 04:42:17.742, 0, Tesla V100-PCIE-32GB, 32768, 327, 32168, 0
2026/08/10 04:42:18.790, 0, Tesla V100-PCIE-32GB, 32768, 327, 32168, 0
2026/08/10 04:42:19.821, 0, Tesla V100-PCIE-32GB, 32768, 327, 32168, 0
2026/08/10 04:42:20.894, 0, Tesla V100-PCIE-32GB, 32768, 327, 32168, 0
2026/08/10 04:42:22.064, 0, Tesla V100-PCIE-32GB, 32768, 327, 32168, 0
2026/08/10 04:42:23.084, 0, Tesla V100-PCIE-32GB, 32768, 327, 32168, 0
2026/08/10 04:42:24.146, 0, Tesla V100-PCIE-32GB, 32768, 327, 32168, 0
2026/08/10 04:42:25.287, 0, Tesla V100-PCIE-32GB, 32768, 327, 32168, 0
2026/08/10 04:42:26.345, 0, Tesla V100-PCIE-32GB, 32768, 327, 32168, 0
2026/08/10 04:42:27.472, 0, Tesla V100-PCIE-32GB, 32768, 327, 32168, 0
2026/08/10 04:42:28.507, 0, Tesla V100-PCIE-32GB, 32768, 327, 32168, 0
2026/08/10 04:42:29.553, 0, Tesla V100-PCIE-32GB, 32768, 327, 32168, 0
2026/08/10 04:42:30.644, 0, Tesla V100-PCIE-32GB, 32768, 327, 32168, 0
2026/08/10 04:42:31.653, 0, Tesla V100-PCIE-32GB, 32768, 327, 32168, 0
2026/08/10 04:42:32.791, 0, Tesla V100-PCIE-32GB, 32768, 327, 32168, 0
2026/08/10 04:42:33.910, 0, Tesla V100-PCIE-32GB, 32768, 327, 32168, 0
2026/08/10 04:42:34.937, 0, Tesla V100-PCIE-32GB, 32768, 327, 32168, 0
2026/08/10 04:42:35.985, 0, Tesla V100-PCIE-32GB, 32768, 327, 32168, 0
2026/08/10 04:42:37.061, 0, Tesla V100-PCIE-32GB, 32768, 327, 32168, 0
2026/08/10 04:42:38.214, 0, Tesla V100-PCIE-32GB, 32768, 327, 32168, 0
2026/08/10 04:42:39.295, 0, Tesla V100-PCIE-32GB, 32768, 327, 32168, 0
2026/08/10 04:42:40.320, 0, Tesla V100-PCIE-32GB, 32768, 327, 32168, 0
2026/08/10 04:42:41.376, 0, Tesla V100-PCIE-32GB, 32768, 327, 32168, 0
2026/08/10 04:42:42.618, 0, Tesla V100-PCIE-32GB, 32768, 327, 32168, 0
2026/08/10 04:42:43.630, 0, Tesla V100-PCIE-32GB, 32768, 327, 32168, 0
2026/08/10 04:42:44.759, 0, Tesla V100-PCIE-32GB, 32768, 327, 32168, 0
2026/08/10 04:42:45.881, 0, Tesla V100-PCIE-32GB, 32768, 327, 32168, 0
2026/08/10 04:42:46.883, 0, Tesla V100-PCIE-32GB, 32768, 327, 32168, 0
2026/08/10 04:42:47.906, 0, Tesla V100-PCIE-32GB, 32768, 327, 32168, 0
2026/08/10 04:42:48.939, 0, Tesla V100-PCIE-32GB, 32768, 327, 32168, 0
2026/08/10 04:42:50.175, 0, Tesla V100-PCIE-32GB, 32768, 327, 32168, 0
2026/08/10 04:42:51.213, 0, Tesla V100-PCIE-32GB, 32768, 327, 32168, 0
2026/08/10 04:42:52.262, 0, Tesla V100-PCIE-32GB, 32768, 327, 32168, 0
2026/08/10 04:42:53.356, 0, Tesla V100-PCIE-32GB, 32768, 327, 32168, 0
2026/08/10 04:42:54.364, 0, Tesla V100-PCIE-32GB, 32768, 327, 32168, 0
2026/08/10 04:42:55.501, 0, Tesla V100-PCIE-32GB, 32768, 327, 32168, 0
2026/08/10 04:42:56.532, 0, Tesla V100-PCIE-32GB, 32768, 327, 32168, 0
2026/08/10 04:42:57.559, 0, Tesla V100-PCIE-32GB, 32768, 327, 32168, 0
2026/08/10 04:42:58.576, 0, Tesla V100-PCIE-32GB, 32768, 327, 32168, 0
2026/08/10 04:42:59.721, 0, Tesla V100-PCIE-32GB, 32768, 327, 32168, 0
2026/08/10 04:43:00.729, 0, Tesla V100-PCIE-32GB, 32768, 327, 32168, 0
2026/08/10 04:43:01.820, 0, Tesla V100-PCIE-32GB, 32768, 327, 32168, 0
2026/08/10 04:43:02.893, 0, Tesla V100-PCIE-32GB, 32768, 327, 32168, 0
2026/08/10 04:43:03.938, 0, Tesla V100-PCIE-32GB, 32768, 327, 32168, 0
2026/08/10 04:43:05.068, 0, Tesla V100-PCIE-32GB, 32768, 327, 32168, 0
2026/08/10 04:43:06.202, 0, Tesla V100-PCIE-32GB, 32768, 327, 32168, 0
2026/08/10 04:43:07.406, 0, Tesla V100-PCIE-32GB, 32768, 327, 32168, 0
2026/08/10 04:43:08.592, 0, Tesla V100-PCIE-32GB, 32768, 327, 32168, 0
2026/08/10 04:43:09.703, 0, Tesla V100-PCIE-32GB, 32768, 327, 32168, 0
2026/08/10 04:43:10.736, 0, Tesla V100-PCIE-32GB, 32768, 327, 32168, 0
2026/08/10 04:43:11.862, 0, Tesla V100-PCIE-32GB, 32768, 327, 32168, 0
2026/08/10 04:43:12.874, 0, Tesla V100-PCIE-32GB, 32768, 327, 32168, 0
2026/08/10 04:43:13.931, 0, Tesla V100-PCIE-32GB, 32768, 327, 32168, 0
2026/08/10 04:43:15.050, 0, Tesla V100-PCIE-32GB, 32768, 327, 32168, 0
2026/08/10 04:43:16.167, 0, Tesla V100-PCIE-32GB, 32768, 327, 32168, 0
2026/08/10 04:43:17.413, 0, Tesla V100-PCIE-32GB, 32768, 327, 32168, 0
2026/08/10 04:43:18.534, 0, Tesla V100-PCIE-32GB, 32768, 327, 32168, 0
2026/08/10 04:43:19.665, 0, Tesla V100-PCIE-32GB, 32768, 327, 32168, 0
2026/08/10 04:43:20.835, 0, Tesla V100-PCIE-32GB, 32768, 327, 32168, 0
2026/08/10 04:43:21.958, 0, Tesla V100-PCIE-32GB, 32768, 327, 32168, 0
2026/08/10 04:43:22.970, 0, Tesla V100-PCIE-32GB, 32768, 327, 32168, 0
2026/08/10 04:43:24.104, 0, Tesla V100-PCIE-32GB, 32768, 327, 32168, 0
2026/08/10 04:43:25.194, 0, Tesla V100-PCIE-32GB, 32768, 327, 32168, 0
2026/08/10 04:43:26.324, 0, Tesla V100-PCIE-32GB, 32768, 327, 32168, 0
2026/08/10 04:43:27.387, 0, Tesla V100-PCIE-32GB, 32768, 327, 32168, 0
2026/08/10 04:43:28.422, 0, Tesla V100-PCIE-32GB, 32768, 327, 32168, 0
2026/08/10 04:43:29.551, 0, Tesla V100-PCIE-32GB, 32768, 327, 32168, 0
2026/08/10 04:43:30.581, 0, Tesla V100-PCIE-32GB, 32768, 327, 32168, 0
2026/08/10 04:43:31.695, 0, Tesla V100-PCIE-32GB, 32768, 327, 32168, 0
2026/08/10 04:43:32.741, 0, Tesla V100-PCIE-32GB, 32768, 327, 32168, 0
2026/08/10 04:43:33.773, 0, Tesla V100-PCIE-32GB, 32768, 327, 32168, 0
2026/08/10 04:43:34.804, 0, Tesla V100-PCIE-32GB, 32768, 327, 32168, 0
2026/08/10 04:43:35.821, 0, Tesla V100-PCIE-32GB, 32768, 327, 32168, 0
2026/08/10 04:43:36.916, 0, Tesla V100-PCIE-32GB, 32768, 327, 32168, 0
2026/08/10 04:43:37.944, 0, Tesla V100-PCIE-32GB, 32768, 327, 32168, 0
2026/08/10 04:43:38.968, 0, Tesla V100-PCIE-32GB, 32768, 327, 32168, 0
2026/08/10 04:43:40.109, 0, Tesla V100-PCIE-32GB, 32768, 327, 32168, 0
2026/08/10 04:43:41.135, 0, Tesla V100-PCIE-32GB, 32768, 327, 32168, 0
2026/08/10 04:43:42.215, 0, Tesla V100-PCIE-32GB, 32768, 327, 32168, 0
2026/08/10 04:43:43.222, 0, Tesla V100-PCIE-32GB, 32768, 327, 32168, 0
2026/08/10 04:43:44.274, 0, Tesla V100-PCIE-32GB, 32768, 327, 32168, 0
2026/08/10 04:43:45.337, 0, Tesla V100-PCIE-32GB, 32768, 327, 32168, 0
2026/08/10 04:43:46.380, 0, Tesla V100-PCIE-32GB, 32768, 327, 32168, 0
2026/08/10 04:43:47.440, 0, Tesla V100-PCIE-32GB, 32768, 327, 32168, 0
2026/08/10 04:43:48.442, 0, Tesla V100-PCIE-32GB, 32768, 327, 32168, 0
2026/08/10 04:43:49.560, 0, Tesla V100-PCIE-32GB, 32768, 327, 32168, 0
2026/08/10 04:43:50.565, 0, Tesla V100-PCIE-32GB, 32768, 327, 32168, 0
2026/08/10 04:43:51.706, 0, Tesla V100-PCIE-32GB, 32768, 327, 32168, 0
2026/08/10 04:43:52.843, 0, Tesla V100-PCIE-32GB, 32768, 327, 32168, 0
2026/08/10 04:43:53.908, 0, Tesla V100-PCIE-32GB, 32768, 327, 32168, 0
2026/08/10 04:43:54.917, 0, Tesla V100-PCIE-32GB, 32768, 327, 32168, 0
2026/08/10 04:43:55.947, 0, Tesla V100-PCIE-32GB, 32768, 327, 32168, 0
2026/08/10 04:43:56.984, 0, Tesla V100-PCIE-32GB, 32768, 327, 32168, 0
2026/08/10 04:43:58.037, 0, Tesla V100-PCIE-32GB, 32768, 327, 32168, 0
2026/08/10 04:43:59.076, 0, Tesla V100-PCIE-32GB, 32768, 327, 32168, 0
2026/08/10 04:44:00.107, 0, Tesla V100-PCIE-32GB, 32768, 327, 32168, 0
2026/08/10 04:44:01.117, 0, Tesla V100-PCIE-32GB, 32768, 327, 32168, 0
2026/08/10 04:44:02.166, 0, Tesla V100-PCIE-32GB, 32768, 327, 32168, 0
2026/08/10 04:44:03.189, 0, Tesla V100-PCIE-32GB, 32768, 327, 32168, 0
2026/08/10 04:44:04.298, 0, Tesla V100-PCIE-32GB, 32768, 327, 32168, 0
2026/08/10 04:44:05.383, 0, Tesla V100-PCIE-32GB, 32768, 327, 32168, 0
2026/08/10 04:44:06.386, 0, Tesla V100-PCIE-32GB, 32768, 327, 32168, 0
2026/08/10 04:44:07.407, 0, Tesla V100-PCIE-32GB, 32768, 327, 32168, 0
2026/08/10 04:44:08.416, 0, Tesla V100-PCIE-32GB, 32768, 327, 32168, 0
2026/08/10 04:44:09.417, 0, Tesla V100-PCIE-32GB, 32768, 327, 32168, 0
2026/08/10 04:44:10.433, 0, Tesla V100-PCIE-32GB, 32768, 327, 32168, 0
2026/08/10 04:44:11.440, 0, Tesla V100-PCIE-32GB, 32768, 327, 32168, 0
2026/08/10 04:44:12.488, 0, Tesla V100-PCIE-32GB, 32768, 327, 32168, 0
2026/08/10 04:44:13.494, 0, Tesla V100-PCIE-32GB, 32768, 327, 32168, 0
2026/08/10 04:44:14.536, 0, Tesla V100-PCIE-32GB, 32768, 327, 32168, 0
2026/08/10 04:44:15.554, 0, Tesla V100-PCIE-32GB, 32768, 327, 32168, 0
2026/08/10 04:44:16.557, 0, Tesla V100-PCIE-32GB, 32768, 327, 32168, 0
2026/08/10 04:44:17.567, 0, Tesla V100-PCIE-32GB, 32768, 327, 32168, 0
2026/08/10 04:44:18.570, 0, Tesla V100-PCIE-32GB, 32768, 327, 32168, 0
2026/08/10 04:44:19.594, 0, Tesla V100-PCIE-32GB, 32768, 327, 32168, 0
2026/08/10 04:44:20.601, 0, Tesla V100-PCIE-32GB, 32768, 327, 32168, 0
2026/08/10 04:44:21.613, 0, Tesla V100-PCIE-32GB, 32768, 327, 32168, 0
2026/08/10 04:44:22.614, 0, Tesla V100-PCIE-32GB, 32768, 327, 32168, 0
2026/08/10 04:44:23.619, 0, Tesla V100-PCIE-32GB, 32768, 327, 32168, 0
2026/08/10 04:44:24.669, 0, Tesla V100-PCIE-32GB, 32768, 327, 32168, 0
2026/08/10 04:44:26.128, 0, Tesla V100-PCIE-32GB, 32768, 327, 32168, 0
2026/08/10 04:44:27.136, 0, Tesla V100-PCIE-32GB, 32768, 327, 32168, 0
2026/08/10 04:44:28.151, 0, Tesla V100-PCIE-32GB, 32768, 327, 32168, 0
2026/08/10 04:44:29.182, 0, Tesla V100-PCIE-32GB, 32768, 327, 32168, 0
2026/08/10 04:44:30.224, 0, Tesla V100-PCIE-32GB, 32768, 327, 32168, 0
2026/08/10 04:44:31.251, 0, Tesla V100-PCIE-32GB, 32768, 327, 32168, 0
2026/08/10 04:44:32.255, 0, Tesla V100-PCIE-32GB, 32768, 327, 32168, 0
2026/08/10 04:44:33.288, 0, Tesla V100-PCIE-32GB, 32768, 327, 32168, 0
2026/08/10 04:44:34.300, 0, Tesla V100-PCIE-32GB, 32768, 327, 32168, 0
2026/08/10 04:44:35.300, 0, Tesla V100-PCIE-32GB, 32768, 327, 32168, 0
2026/08/10 04:44:36.543, 0, Tesla V100-PCIE-32GB, 32768, 327, 32168, 0
2026/08/10 04:44:37.573, 0, Tesla V100-PCIE-32GB, 32768, 327, 32168, 0
2026/08/10 04:44:38.585, 0, Tesla V100-PCIE-32GB, 32768, 327, 32168, 0
2026/08/10 04:44:39.606, 0, Tesla V100-PCIE-32GB, 32768, 327, 32168, 0
2026/08/10 04:44:40.622, 0, Tesla V100-PCIE-32GB, 32768, 327, 32168, 0
2026/08/10 04:44:41.644, 0, Tesla V100-PCIE-32GB, 32768, 327, 32168, 0
2026/08/10 04:44:42.686, 0, Tesla V100-PCIE-32GB, 32768, 327, 32168, 0
2026/08/10 04:44:43.693, 0, Tesla V100-PCIE-32GB, 32768, 327, 32168, 0
2026/08/10 04:44:44.707, 0, Tesla V100-PCIE-32GB, 32768, 327, 32168, 0
2026/08/10 04:44:45.768, 0, Tesla V100-PCIE-32GB, 32768, 327, 32168, 0
2026/08/10 04:44:46.863, 0, Tesla V100-PCIE-32GB, 32768, 327, 32168, 0
2026/08/10 04:44:47.926, 0, Tesla V100-PCIE-32GB, 32768, 327, 32168, 0
2026/08/10 04:44:48.936, 0, Tesla V100-PCIE-32GB, 32768, 327, 32168, 0
2026/08/10 04:44:49.966, 0, Tesla V100-PCIE-32GB, 32768, 327, 32168, 0
2026/08/10 04:44:51.011, 0, Tesla V100-PCIE-32GB, 32768, 327, 32168, 0
2026/08/10 04:44:52.024, 0, Tesla V100-PCIE-32GB, 32768, 327, 32168, 0
2026/08/10 04:44:53.025, 0, Tesla V100-PCIE-32GB, 32768, 327, 32168, 0
2026/08/10 04:44:54.050, 0, Tesla V100-PCIE-32GB, 32768, 327, 32168, 0
2026/08/10 04:44:55.051, 0, Tesla V100-PCIE-32GB, 32768, 327, 32168, 0
2026/08/10 04:44:56.080, 0, Tesla V100-PCIE-32GB, 32768, 327, 32168, 0
2026/08/10 04:44:57.081, 0, Tesla V100-PCIE-32GB, 32768, 327, 32168, 0
2026/08/10 04:44:58.859, 0, Tesla V100-PCIE-32GB, 32768, 327, 32168, 0
2026/08/10 04:44:59.866, 0, Tesla V100-PCIE-32GB, 32768, 327, 32168, 0
2026/08/10 04:45:00.890, 0, Tesla V100-PCIE-32GB, 32768, 327, 32168, 0
2026/08/10 04:45:01.910, 0, Tesla V100-PCIE-32GB, 32768, 327, 32168, 0
2026/08/10 04:45:02.911, 0, Tesla V100-PCIE-32GB, 32768, 327, 32168, 0
2026/08/10 04:45:03.911, 0, Tesla V100-PCIE-32GB, 32768, 1703, 30792, 0
2026/08/10 04:45:04.912, 0, Tesla V100-PCIE-32GB, 32768, 7757, 24738, 58
2026/08/10 04:45:05.912, 0, Tesla V100-PCIE-32GB, 32768, 11005, 21490, 8
2026/08/10 04:45:06.913, 0, Tesla V100-PCIE-32GB, 32768, 11799, 20696, 16
2026/08/10 04:45:07.913, 0, Tesla V100-PCIE-32GB, 32768, 18773, 13722, 52
2026/08/10 04:45:08.914, 0, Tesla V100-PCIE-32GB, 32768, 20439, 12056, 5
2026/08/10 04:45:09.914, 0, Tesla V100-PCIE-32GB, 32768, 21313, 11182, 10
2026/08/10 04:45:10.915, 0, Tesla V100-PCIE-32GB, 32768, 28965, 3530, 48
2026/08/10 04:45:11.932, 0, Tesla V100-PCIE-32GB, 32768, 28965, 3530, 5
2026/08/10 04:45:12.933, 0, Tesla V100-PCIE-32GB, 32768, 28965, 3530, 3
2026/08/10 04:45:13.933, 0, Tesla V100-PCIE-32GB, 32768, 29517, 2978, 96
2026/08/10 04:45:14.934, 0, Tesla V100-PCIE-32GB, 32768, 29517, 2978, 97
2026/08/10 04:45:15.934, 0, Tesla V100-PCIE-32GB, 32768, 29517, 2978, 97
2026/08/10 04:45:16.934, 0, Tesla V100-PCIE-32GB, 32768, 29519, 2976, 96
2026/08/10 04:45:17.935, 0, Tesla V100-PCIE-32GB, 32768, 29519, 2976, 0
2026/08/10 04:45:18.935, 0, Tesla V100-PCIE-32GB, 32768, 29519, 2976, 0
2026/08/10 04:45:19.936, 0, Tesla V100-PCIE-32GB, 32768, 29519, 2976, 0
2026/08/10 04:45:20.936, 0, Tesla V100-PCIE-32GB, 32768, 29519, 2976, 0
2026/08/10 04:45:21.937, 0, Tesla V100-PCIE-32GB, 32768, 29519, 2976, 0
2026/08/10 04:45:22.937, 0, Tesla V100-PCIE-32GB, 32768, 29519, 2976, 0
2026/08/10 04:45:23.937, 0, Tesla V100-PCIE-32GB, 32768, 29519, 2976, 0
2026/08/10 04:45:24.938, 0, Tesla V100-PCIE-32GB, 32768, 29519, 2976, 0
2026/08/10 04:45:25.951, 0, Tesla V100-PCIE-32GB, 32768, 29519, 2976, 0
2026/08/10 04:45:26.958, 0, Tesla V100-PCIE-32GB, 32768, 29519, 2976, 0
2026/08/10 04:45:27.970, 0, Tesla V100-PCIE-32GB, 32768, 29519, 2976, 0
2026/08/10 04:45:28.977, 0, Tesla V100-PCIE-32GB, 32768, 29519, 2976, 0
2026/08/10 04:45:29.978, 0, Tesla V100-PCIE-32GB, 32768, 29519, 2976, 0
2026/08/10 04:45:30.978, 0, Tesla V100-PCIE-32GB, 32768, 29519, 2976, 0
2026/08/10 04:45:31.979, 0, Tesla V100-PCIE-32GB, 32768, 29519, 2976, 0
2026/08/10 04:45:32.979, 0, Tesla V100-PCIE-32GB, 32768, 29519, 2976, 0
2026/08/10 04:45:33.980, 0, Tesla V100-PCIE-32GB, 32768, 29519, 2976, 0
2026/08/10 04:45:34.980, 0, Tesla V100-PCIE-32GB, 32768, 29519, 2976, 0
2026/08/10 04:45:35.981, 0, Tesla V100-PCIE-32GB, 32768, 29519, 2976, 0
2026/08/10 04:45:36.981, 0, Tesla V100-PCIE-32GB, 32768, 29519, 2976, 0
2026/08/10 04:45:37.982, 0, Tesla V100-PCIE-32GB, 32768, 29519, 2976, 0
2026/08/10 04:45:38.982, 0, Tesla V100-PCIE-32GB, 32768, 29519, 2976, 0
2026/08/10 04:45:39.982, 0, Tesla V100-PCIE-32GB, 32768, 29519, 2976, 0
2026/08/10 04:45:40.983, 0, Tesla V100-PCIE-32GB, 32768, 29519, 2976, 0
2026/08/10 04:45:41.983, 0, Tesla V100-PCIE-32GB, 32768, 29519, 2976, 0
2026/08/10 04:45:42.984, 0, Tesla V100-PCIE-32GB, 32768, 29519, 2976, 0
2026/08/10 04:45:43.985, 0, Tesla V100-PCIE-32GB, 32768, 29519, 2976, 0
2026/08/10 04:45:44.986, 0, Tesla V100-PCIE-32GB, 32768, 29519, 2976, 0
2026/08/10 04:45:45.986, 0, Tesla V100-PCIE-32GB, 32768, 29519, 2976, 0
2026/08/10 04:45:46.986, 0, Tesla V100-PCIE-32GB, 32768, 29519, 2976, 0
2026/08/10 04:45:47.987, 0, Tesla V100-PCIE-32GB, 32768, 29519, 2976, 0
2026/08/10 04:45:48.987, 0, Tesla V100-PCIE-32GB, 32768, 29519, 2976, 0
2026/08/10 04:45:49.988, 0, Tesla V100-PCIE-32GB, 32768, 29519, 2976, 0
2026/08/10 04:45:50.988, 0, Tesla V100-PCIE-32GB, 32768, 29519, 2976, 0
2026/08/10 04:45:51.989, 0, Tesla V100-PCIE-32GB, 32768, 29519, 2976, 0
2026/08/10 04:45:52.989, 0, Tesla V100-PCIE-32GB, 32768, 29519, 2976, 0
2026/08/10 04:45:53.990, 0, Tesla V100-PCIE-32GB, 32768, 29527, 2968, 0
2026/08/10 04:45:54.990, 0, Tesla V100-PCIE-32GB, 32768, 29529, 2966, 96
2026/08/10 04:45:55.990, 0, Tesla V100-PCIE-32GB, 32768, 29529, 2966, 97
2026/08/10 04:45:56.991, 0, Tesla V100-PCIE-32GB, 32768, 29529, 2966, 96
2026/08/10 04:45:57.997, 0, Tesla V100-PCIE-32GB, 32768, 29921, 2574, 97
2026/08/10 04:45:58.998, 0, Tesla V100-PCIE-32GB, 32768, 30015, 2480, 99
2026/08/10 04:45:59.998, 0, Tesla V100-PCIE-32GB, 32768, 30015, 2480, 97
2026/08/10 04:46:00.999, 0, Tesla V100-PCIE-32GB, 32768, 30015, 2480, 97
2026/08/10 04:46:01.999, 0, Tesla V100-PCIE-32GB, 32768, 30015, 2480, 97
2026/08/10 04:46:03.000, 0, Tesla V100-PCIE-32GB, 32768, 30015, 2480, 97
2026/08/10 04:46:04.000, 0, Tesla V100-PCIE-32GB, 32768, 30015, 2480, 96
2026/08/10 04:46:05.000, 0, Tesla V100-PCIE-32GB, 32768, 30021, 2474, 97
2026/08/10 04:46:06.001, 0, Tesla V100-PCIE-32GB, 32768, 30021, 2474, 96
2026/08/10 04:46:07.001, 0, Tesla V100-PCIE-32GB, 32768, 30021, 2474, 97
2026/08/10 04:46:08.002, 0, Tesla V100-PCIE-32GB, 32768, 30021, 2474, 97
2026/08/10 04:46:09.006, 0, Tesla V100-PCIE-32GB, 32768, 30021, 2474, 96
2026/08/10 04:46:10.006, 0, Tesla V100-PCIE-32GB, 32768, 30021, 2474, 97
2026/08/10 04:46:11.007, 0, Tesla V100-PCIE-32GB, 32768, 30021, 2474, 97
2026/08/10 04:46:12.007, 0, Tesla V100-PCIE-32GB, 32768, 30021, 2474, 97
2026/08/10 04:46:13.009, 0, Tesla V100-PCIE-32GB, 32768, 30023, 2472, 97
2026/08/10 04:46:14.010, 0, Tesla V100-PCIE-32GB, 32768, 30023, 2472, 97
2026/08/10 04:46:15.010, 0, Tesla V100-PCIE-32GB, 32768, 30023, 2472, 97
2026/08/10 04:46:16.011, 0, Tesla V100-PCIE-32GB, 32768, 30023, 2472, 97
2026/08/10 04:46:17.011, 0, Tesla V100-PCIE-32GB, 32768, 30023, 2472, 97
2026/08/10 04:46:18.012, 0, Tesla V100-PCIE-32GB, 32768, 30027, 2468, 97
2026/08/10 04:46:19.012, 0, Tesla V100-PCIE-32GB, 32768, 30027, 2468, 97
2026/08/10 04:46:20.012, 0, Tesla V100-PCIE-32GB, 32768, 30027, 2468, 97
2026/08/10 04:46:21.013, 0, Tesla V100-PCIE-32GB, 32768, 30027, 2468, 97
2026/08/10 04:46:22.014, 0, Tesla V100-PCIE-32GB, 32768, 30027, 2468, 97
2026/08/10 04:46:23.014, 0, Tesla V100-PCIE-32GB, 32768, 30027, 2468, 97
2026/08/10 04:46:24.014, 0, Tesla V100-PCIE-32GB, 32768, 30027, 2468, 97
2026/08/10 04:46:25.015, 0, Tesla V100-PCIE-32GB, 32768, 30027, 2468, 97
2026/08/10 04:46:26.015, 0, Tesla V100-PCIE-32GB, 32768, 30027, 2468, 97
2026/08/10 04:46:27.016, 0, Tesla V100-PCIE-32GB, 32768, 30027, 2468, 98
2026/08/10 04:46:28.016, 0, Tesla V100-PCIE-32GB, 32768, 30029, 2466, 97
2026/08/10 04:46:29.017, 0, Tesla V100-PCIE-32GB, 32768, 30029, 2466, 97
2026/08/10 04:46:30.017, 0, Tesla V100-PCIE-32GB, 32768, 30029, 2466, 97
2026/08/10 04:46:31.018, 0, Tesla V100-PCIE-32GB, 32768, 30025, 2470, 97
2026/08/10 04:46:32.019, 0, Tesla V100-PCIE-32GB, 32768, 30025, 2470, 96
2026/08/10 04:46:33.019, 0, Tesla V100-PCIE-32GB, 32768, 30025, 2470, 97
2026/08/10 04:46:34.019, 0, Tesla V100-PCIE-32GB, 32768, 30025, 2470, 97
2026/08/10 04:46:35.020, 0, Tesla V100-PCIE-32GB, 32768, 30025, 2470, 97
2026/08/10 04:46:36.020, 0, Tesla V100-PCIE-32GB, 32768, 30021, 2474, 97
2026/08/10 04:46:37.021, 0, Tesla V100-PCIE-32GB, 32768, 30021, 2474, 97
2026/08/10 04:46:38.021, 0, Tesla V100-PCIE-32GB, 32768, 30021, 2474, 97
2026/08/10 04:46:39.022, 0, Tesla V100-PCIE-32GB, 32768, 30021, 2474, 97
2026/08/10 04:46:40.022, 0, Tesla V100-PCIE-32GB, 32768, 30023, 2472, 97
2026/08/10 04:46:41.023, 0, Tesla V100-PCIE-32GB, 32768, 30023, 2472, 97
2026/08/10 04:46:42.023, 0, Tesla V100-PCIE-32GB, 32768, 30023, 2472, 97
2026/08/10 04:46:43.024, 0, Tesla V100-PCIE-32GB, 32768, 30023, 2472, 97
2026/08/10 04:46:44.024, 0, Tesla V100-PCIE-32GB, 32768, 30023, 2472, 97
2026/08/10 04:46:45.024, 0, Tesla V100-PCIE-32GB, 32768, 30351, 2144, 7
2026/08/10 04:46:46.025, 0, Tesla V100-PCIE-32GB, 32768, 32393, 102, 99
2026/08/10 04:46:47.025, 0, Tesla V100-PCIE-32GB, 32768, 32113, 382, 97
2026/08/10 04:46:48.026, 0, Tesla V100-PCIE-32GB, 32768, 32113, 382, 97
2026/08/10 04:46:49.026, 0, Tesla V100-PCIE-32GB, 32768, 32113, 382, 93
2026/08/10 04:46:50.026, 0, Tesla V100-PCIE-32GB, 32768, 32113, 382, 97
2026/08/10 04:46:51.027, 0, Tesla V100-PCIE-32GB, 32768, 32113, 382, 98
2026/08/10 04:46:52.027, 0, Tesla V100-PCIE-32GB, 32768, 32113, 382, 98
2026/08/10 04:46:53.028, 0, Tesla V100-PCIE-32GB, 32768, 32113, 382, 98
2026/08/10 04:46:54.029, 0, Tesla V100-PCIE-32GB, 32768, 32113, 382, 96
2026/08/10 04:46:55.029, 0, Tesla V100-PCIE-32GB, 32768, 32113, 382, 97
2026/08/10 04:46:56.029, 0, Tesla V100-PCIE-32GB, 32768, 32113, 382, 97
2026/08/10 04:46:57.030, 0, Tesla V100-PCIE-32GB, 32768, 32113, 382, 97
2026/08/10 04:46:58.030, 0, Tesla V100-PCIE-32GB, 32768, 32113, 382, 99
2026/08/10 04:46:59.031, 0, Tesla V100-PCIE-32GB, 32768, 32113, 382, 97
2026/08/10 04:47:00.031, 0, Tesla V100-PCIE-32GB, 32768, 32113, 382, 95
2026/08/10 04:47:01.032, 0, Tesla V100-PCIE-32GB, 32768, 32113, 382, 97
2026/08/10 04:47:02.032, 0, Tesla V100-PCIE-32GB, 32768, 32121, 374, 97
2026/08/10 04:47:03.033, 0, Tesla V100-PCIE-32GB, 32768, 32121, 374, 97
2026/08/10 04:47:04.033, 0, Tesla V100-PCIE-32GB, 32768, 32121, 374, 97
2026/08/10 04:47:05.034, 0, Tesla V100-PCIE-32GB, 32768, 32121, 374, 97
2026/08/10 04:47:06.034, 0, Tesla V100-PCIE-32GB, 32768, 32121, 374, 97
2026/08/10 04:47:07.035, 0, Tesla V100-PCIE-32GB, 32768, 32125, 370, 97
2026/08/10 04:47:08.035, 0, Tesla V100-PCIE-32GB, 32768, 32125, 370, 97
2026/08/10 04:47:09.035, 0, Tesla V100-PCIE-32GB, 32768, 32125, 370, 97
2026/08/10 04:47:10.036, 0, Tesla V100-PCIE-32GB, 32768, 32125, 370, 97
2026/08/10 04:47:11.036, 0, Tesla V100-PCIE-32GB, 32768, 32123, 372, 96
2026/08/10 04:47:12.037, 0, Tesla V100-PCIE-32GB, 32768, 32123, 372, 97
2026/08/10 04:47:13.037, 0, Tesla V100-PCIE-32GB, 32768, 32123, 372, 98
2026/08/10 04:47:14.038, 0, Tesla V100-PCIE-32GB, 32768, 32125, 370, 97
2026/08/10 04:47:15.038, 0, Tesla V100-PCIE-32GB, 32768, 32125, 370, 97
2026/08/10 04:47:16.039, 0, Tesla V100-PCIE-32GB, 32768, 32125, 370, 97
2026/08/10 04:47:17.039, 0, Tesla V100-PCIE-32GB, 32768, 32125, 370, 98
2026/08/10 04:47:18.040, 0, Tesla V100-PCIE-32GB, 32768, 32125, 370, 97
2026/08/10 04:47:19.040, 0, Tesla V100-PCIE-32GB, 32768, 32121, 374, 97
2026/08/10 04:47:20.041, 0, Tesla V100-PCIE-32GB, 32768, 32121, 374, 97
2026/08/10 04:47:21.042, 0, Tesla V100-PCIE-32GB, 32768, 32121, 374, 97
2026/08/10 04:47:22.042, 0, Tesla V100-PCIE-32GB, 32768, 32121, 374, 97
2026/08/10 04:47:23.043, 0, Tesla V100-PCIE-32GB, 32768, 32121, 374, 97
2026/08/10 04:47:24.043, 0, Tesla V100-PCIE-32GB, 32768, 32121, 374, 97
2026/08/10 04:47:25.043, 0, Tesla V100-PCIE-32GB, 32768, 32125, 370, 97
2026/08/10 04:47:26.044, 0, Tesla V100-PCIE-32GB, 32768, 32125, 370, 97
2026/08/10 04:47:27.044, 0, Tesla V100-PCIE-32GB, 32768, 32125, 370, 97
2026/08/10 04:47:28.045, 0, Tesla V100-PCIE-32GB, 32768, 32121, 374, 99
2026/08/10 04:47:29.045, 0, Tesla V100-PCIE-32GB, 32768, 32121, 374, 97
2026/08/10 04:47:30.046, 0, Tesla V100-PCIE-32GB, 32768, 32121, 374, 97
2026/08/10 04:47:31.046, 0, Tesla V100-PCIE-32GB, 32768, 32121, 374, 98
2026/08/10 04:47:32.047, 0, Tesla V100-PCIE-32GB, 32768, 32121, 374, 98
2026/08/10 04:47:33.047, 0, Tesla V100-PCIE-32GB, 32768, 32121, 374, 96
2026/08/10 04:47:34.047, 0, Tesla V100-PCIE-32GB, 32768, 32121, 374, 97
2026/08/10 04:47:35.048, 0, Tesla V100-PCIE-32GB, 32768, 32121, 374, 97
2026/08/10 04:47:36.049, 0, Tesla V100-PCIE-32GB, 32768, 32121, 374, 97
2026/08/10 04:47:37.049, 0, Tesla V100-PCIE-32GB, 32768, 32121, 374, 96
2026/08/10 04:47:38.049, 0, Tesla V100-PCIE-32GB, 32768, 32121, 374, 97
2026/08/10 04:47:39.050, 0, Tesla V100-PCIE-32GB, 32768, 32121, 374, 97
2026/08/10 04:47:40.050, 0, Tesla V100-PCIE-32GB, 32768, 32121, 374, 88
2026/08/10 04:47:41.051, 0, Tesla V100-PCIE-32GB, 32768, 32121, 374, 96
2026/08/10 04:47:42.051, 0, Tesla V100-PCIE-32GB, 32768, 32121, 374, 96
2026/08/10 04:47:43.052, 0, Tesla V100-PCIE-32GB, 32768, 32121, 374, 97
2026/08/10 04:47:44.052, 0, Tesla V100-PCIE-32GB, 32768, 32121, 374, 95
2026/08/10 04:47:45.053, 0, Tesla V100-PCIE-32GB, 32768, 32121, 374, 96
2026/08/10 04:47:46.053, 0, Tesla V100-PCIE-32GB, 32768, 32125, 370, 97
2026/08/10 04:47:47.053, 0, Tesla V100-PCIE-32GB, 32768, 32125, 370, 97
2026/08/10 04:47:48.054, 0, Tesla V100-PCIE-32GB, 32768, 32125, 370, 97
2026/08/10 04:47:49.054, 0, Tesla V100-PCIE-32GB, 32768, 32123, 372, 96
2026/08/10 04:47:50.055, 0, Tesla V100-PCIE-32GB, 32768, 32123, 372, 97
2026/08/10 04:47:51.055, 0, Tesla V100-PCIE-32GB, 32768, 32123, 372, 97
2026/08/10 04:47:52.056, 0, Tesla V100-PCIE-32GB, 32768, 32123, 372, 94
2026/08/10 04:47:53.056, 0, Tesla V100-PCIE-32GB, 32768, 32125, 370, 97
2026/08/10 04:47:54.057, 0, Tesla V100-PCIE-32GB, 32768, 32125, 370, 97
2026/08/10 04:47:55.058, 0, Tesla V100-PCIE-32GB, 32768, 32125, 370, 97
2026/08/10 04:47:56.058, 0, Tesla V100-PCIE-32GB, 32768, 32125, 370, 97
2026/08/10 04:47:57.058, 0, Tesla V100-PCIE-32GB, 32768, 32125, 370, 97
2026/08/10 04:47:58.059, 0, Tesla V100-PCIE-32GB, 32768, 32121, 374, 97
2026/08/10 04:47:59.059, 0, Tesla V100-PCIE-32GB, 32768, 32121, 374, 97
2026/08/10 04:48:00.060, 0, Tesla V100-PCIE-32GB, 32768, 32121, 374, 97
2026/08/10 04:48:01.060, 0, Tesla V100-PCIE-32GB, 32768, 32121, 374, 97
2026/08/10 04:48:02.061, 0, Tesla V100-PCIE-32GB, 32768, 32121, 374, 97
2026/08/10 04:48:03.061, 0, Tesla V100-PCIE-32GB, 32768, 32121, 374, 97
2026/08/10 04:48:04.062, 0, Tesla V100-PCIE-32GB, 32768, 32125, 370, 98
2026/08/10 04:48:05.062, 0, Tesla V100-PCIE-32GB, 32768, 32125, 370, 97
2026/08/10 04:48:06.063, 0, Tesla V100-PCIE-32GB, 32768, 32125, 370, 97
2026/08/10 04:48:07.063, 0, Tesla V100-PCIE-32GB, 32768, 32121, 374, 98
2026/08/10 04:48:08.064, 0, Tesla V100-PCIE-32GB, 32768, 32121, 374, 98
2026/08/10 04:48:09.064, 0, Tesla V100-PCIE-32GB, 32768, 32121, 374, 98
2026/08/10 04:48:10.065, 0, Tesla V100-PCIE-32GB, 32768, 32121, 374, 98
2026/08/10 04:48:11.065, 0, Tesla V100-PCIE-32GB, 32768, 32121, 374, 98
2026/08/10 04:48:12.066, 0, Tesla V100-PCIE-32GB, 32768, 32121, 374, 0
2026/08/10 04:48:13.066, 0, Tesla V100-PCIE-32GB, 32768, 32121, 374, 0
2026/08/10 04:48:14.066, 0, Tesla V100-PCIE-32GB, 32768, 32121, 374, 0
2026/08/10 04:48:15.067, 0, Tesla V100-PCIE-32GB, 32768, 32121, 374, 0
2026/08/10 04:48:16.067, 0, Tesla V100-PCIE-32GB, 32768, 32121, 374, 0
